Fab #,Category,PR,HK_key_mouse,HK_key_node,HK_key_gc,HK_key_cell_type,name,parent_name,abundance,sampled_cell_ids,n_mutations_HC,n_mutations_LC,IgH_mutations,IgK_mutations,IgH_productive,IgK_productive,isotype,LBI,LBR,descendant_abundance,IgH_nt_sequence,IgH_aa_sequence,IgK_nt_sequence,IgK_aa_sequence,delta_bind,delta_expr,delta_psr,LC_prefix_twist,LC_insert_twist,HC_prefix_twist,HC_suffix_twist,HC_insert_twist
1,Uniform ladder,PR1.6,8,LI,87,GC,seq46,51,1,211203P15B01HK,13,5,"I30(H)V,T35(H)S,F45(H)I,L50(H)F,Y52(H)F,M53(H)V,Y58(H)F,S59(H)T,G63(H)S,K72(H)T,Y87(H)F,A105(H)T,D109(H)V","K9(L)E,N38(L)D,Y68(L)F,Y110(L)F,K119(L)D",TRUE,TRUE,IgG2,1,0,1,GAGGTGCAGCTTCAGGAGTCAGGACCTAGCCTCGTGAAACCTTCTCAGACTCTGTCCCTCACCTGTTCTGTCACTGGCGACTCCGTCTCCAGTGGTTACTGGAACTGGATCCGGAAAATCCCAGGGAATAAGTTTGAATTCGTGGGGTACATAAGCTTCACCTCTAGCACTTACTACAATCCATCTCTCACAAGTCGAATCTCCATCACTCGAGACACATCTAAGAACCAGTTCTACCTGCAGTTGAATTCTGTGACTACTGAGGACACAGCCACATATTACTGTACACGAGACTTCGTTGTCTGGGGCGCAGGGACCACGGTCACCGTCTCCTCA,EVQLQESGPSLVKPSQTLSLTCSVTGDSVSSGYWNWIRKIPGNKFEFVGYISFTSSTYYNPSLTSRISITRDTSKNQFYLQLNSVTTEDTATYYCTRDFVVWGAGTTVTVSS,GACATTGTGATGACTCAGTCTCAAGAATTCATGTCCACGTCAGTAGGAGACAGGGTCAGCGTCACCTGCAAGGCCAGTCAGAATGTGGGTACTGATGTAGCCTGGTATCAACAGAAACCAGGGCAATCTCCCAAAGCACTGATTTACTCGGCGTCCTACAGGTTCAGTGGAGTCCCTGATCGCTTCACAGGCAGTGGATCTGGGACAGATTTCACTCTCACCATCAGCAATGTGCAGTCTGAAGACTTGGCAGAGTACTTCTGTCAGCAATATAACAGTTTTCCTCTCACGTTCGGCTCGGGGACTGACTTAGAGATAAAA,DIVMTQSQEFMSTSVGDRVSVTCKASQNVGTDVAWYQQKPGQSPKALIYSASYRFSGVPDRFTGSGSGTDFTLTISNVQSEDLAEYFCQQYNSFPLTFGSGTDLEIK,-12.19531,-0.69039,2.17393,GTACATTCC,GTACATTCCGACATTGTGATGACTCAGTCTCAAGAATTCATGTCCACGTCAGTAGGAGACAGGGTCAGCGTCACCTGCAAGGCCAGTCAGAATGTGGGTACTGATGTAGCCTGGTATCAACAGAAACCAGGGCAATCTCCCAAAGCACTGATTTACTCGGCGTCCTACAGGTTCAGTGGAGTCCCTGATCGCTTCACAGGCAGTGGATCTGGGACAGATTTCACTCTCACCATCAGCAATGTGCAGTCTGAAGACTTGGCAGAGTACTTCTGTCAGCAATATAACAGTTTTCCTCTCACGTTCGGCTCGGGGACTGACTTAGAGATAAAA,GTACATTCC,GC,GTACATTCCGAGGTGCAGCTTCAGGAGTCAGGACCTAGCCTCGTGAAACCTTCTCAGACTCTGTCCCTCACCTGTTCTGTCACTGGCGACTCCGTCTCCAGTGGTTACTGGAACTGGATCCGGAAAATCCCAGGGAATAAGTTTGAATTCGTGGGGTACATAAGCTTCACCTCTAGCACTTACTACAATCCATCTCTCACAAGTCGAATCTCCATCACTCGAGACACATCTAAGAACCAGTTCTACCTGCAGTTGAATTCTGTGACTACTGAGGACACAGCCACATATTACTGTACACGAGACTTCGTTGTCTGGGGCGCAGGGACCACGGTCACCGTCTCCTCAGC
2,Uniform ladder,PR1.5,8,LP,85,GC,seq36,11,2,"211119P13F09HK,211119P13H06HK",6,6,"V25(H)A,N40(H)H,K49(H)R,E51(H)D,N92(H)S,A105(H)T","Y42(L)F,Q48(L)H,S92(L)T,E101(L)D,S109(L)N,Y110(L)N",TRUE,TRUE,IgG1,2.760087325,0.618727032,3,GAGGTGCAGCTTCAGGAGTCAGGACCTAGCCTCGTGAAACCTTCTCAGACTCTGTCCCTCACCTGTTCTGCCACTGGCGACTCCATCACAAGTGGTTACTGGCACTGGATCCGGAAATTCCCAGGGAATAGACTTGATTACATGGGGTACATAAGCTACAGTGGTAGCACTTACTACAATCCATCTCTCAAAAGTCGAATCTCCATCACTCGAGACACATCCAAGAACCAGTATTACCTGCAGTTGAGTTCTGTGACTACTGAGGACACAGCCACATATTACTGTACAAGGGACTTCGATGTCTGGGGCGCAGGGACCACGGTCACCGTCTCCTCA,EVQLQESGPSLVKPSQTLSLTCSATGDSITSGYWHWIRKFPGNRLDYMGYISYSGSTYYNPSLKSRISITRDTSKNQYYLQLSSVTTEDTATYYCTRDFDVWGAGTTVTVSS,GACATTGTGATGACTCAGTCTCAAAAATTCATGTCCACATCAGTAGGAGACAGGGTCAGCGTCACCTGCAAGGCCAGTCAGAATGTGGGGACTAATGTAGCCTGGTTTCAACAGAAGCCAGGACACTCTCCTAAAGCACTGATTTACTCGGCATCCTACAGATACAGTGGAGTCCCTGATCGCTTCACAGGCAGTGGATCTGGGACAGATTTCACTCTCACCATCACCAACGTGCAGTCTGAAGACTTGGCAGACTATTTCTGTCAGCAGTATAACAACAATCCTCTCACGTTCGGCTCGGGGACTAAGCTAGAAATAAAA,DIVMTQSQKFMSTSVGDRVSVTCKASQNVGTNVAWFQQKPGHSPKALIYSASYRYSGVPDRFTGSGSGTDFTLTITNVQSEDLADYFCQQYNNNPLTFGSGTKLEIK,-9.1538,-0.97991,2.38985,GTACATTCC,GTACATTCCGACATTGTGATGACTCAGTCTCAAAAATTCATGTCCACATCAGTAGGAGACAGGGTCAGCGTCACCTGCAAGGCCAGTCAGAATGTGGGGACTAATGTAGCCTGGTTTCAACAGAAGCCAGGACACTCTCCTAAAGCACTGATTTACTCGGCATCCTACAGATACAGTGGAGTCCCTGATCGCTTCACAGGCAGTGGATCTGGGACAGATTTCACTCTCACCATCACCAACGTGCAGTCTGAAGACTTGGCAGACTATTTCTGTCAGCAGTATAACAACAATCCTCTCACGTTCGGCTCGGGGACTAAGCTAGAAATAAAA,GTACATTCC,GC,GTACATTCCGAGGTGCAGCTTCAGGAGTCAGGACCTAGCCTCGTGAAACCTTCTCAGACTCTGTCCCTCACCTGTTCTGCCACTGGCGACTCCATCACAAGTGGTTACTGGCACTGGATCCGGAAATTCCCAGGGAATAGACTTGATTACATGGGGTACATAAGCTACAGTGGTAGCACTTACTACAATCCATCTCTCAAAAGTCGAATCTCCATCACTCGAGACACATCCAAGAACCAGTATTACCTGCAGTTGAGTTCTGTGACTACTGAGGACACAGCCACATATTACTGTACAAGGGACTTCGATGTCTGGGGCGCAGGGACCACGGTCACCGTCTCCTCAGC
3,Uniform ladder,PR1.7,2,RB,28,GC,seq35,18,1,220114P03H05HK,2,2,"N40(H)H,Q86(H)H","S92(L)R,Y110(L)D",TRUE,TRUE,IgM,1.843336696,0,1,GAGGTGCAGCTTCAGGAGTCAGGACCTAGCCTCGTGAAACCTTCTCAGACTCTGTCCCTCACCTGTTCTGTCACTGGCGACTCCATCACCAGTGGTTACTGGCACTGGATCCGGAAATTCCCAGGGAATAAACTTGAGTACATGGGGTACATAAGCTACAGTGGTAGCACTTACTACAATCCATCTCTCAAAAGTCGAATCTCCATCACTCGAGACACATCCAAGAACCACTACTACCTGCAGTTGAATTCTGTGACTACTGAGGACACAGCCACATATTACTGTGCAAGGGACTTCGATGTCTGGGGCGCAGGGACCACGGTCACCGTCTCCTCA,EVQLQESGPSLVKPSQTLSLTCSVTGDSITSGYWHWIRKFPGNKLEYMGYISYSGSTYYNPSLKSRISITRDTSKNHYYLQLNSVTTEDTATYYCARDFDVWGAGTTVTVSS,GACATTGTGATGACTCAGTCTCAAAAATTCATGTCCACATCAGTAGGAGACAGGGTCAGCGTCACCTGCAAGGCCAGTCAGAATGTGGGTACTAATGTAGCCTGGTATCAACAGAAACCAGGGCAATCTCCTAAAGCACTGATTTACTCGGCATCCTACAGGTACAGTGGAGTCCCTGATCGCTTCACAGGCAGTGGATCTGGGACAGATTTCACTCTCACCATCAGAAATGTGCAGTCTGAAGACTTGGCAGAGTATTTCTGTCAGCAATATAATAGCGATCCTCTCACGTTCGGCTCGGGGACTAAGTTAGAAATAAAA,DIVMTQSQKFMSTSVGDRVSVTCKASQNVGTNVAWYQQKPGQSPKALIYSASYRYSGVPDRFTGSGSGTDFTLTIRNVQSEDLAEYFCQQYNSDPLTFGSGTKLEIK,-7.52469,-0.555,0.8499,GTACATTCC,GTACATTCCGACATTGTGATGACTCAGTCTCAAAAATTCATGTCCACATCAGTAGGAGACAGGGTCAGCGTCACCTGCAAGGCCAGTCAGAATGTGGGTACTAATGTAGCCTGGTATCAACAGAAACCAGGGCAATCTCCTAAAGCACTGATTTACTCGGCATCCTACAGGTACAGTGGAGTCCCTGATCGCTTCACAGGCAGTGGATCTGGGACAGATTTCACTCTCACCATCAGAAATGTGCAGTCTGAAGACTTGGCAGAGTATTTCTGTCAGCAATATAATAGCGATCCTCTCACGTTCGGCTCGGGGACTAAGTTAGAAATAAAA,GTACATTCC,GC,GTACATTCCGAGGTGCAGCTTCAGGAGTCAGGACCTAGCCTCGTGAAACCTTCTCAGACTCTGTCCCTCACCTGTTCTGTCACTGGCGACTCCATCACCAGTGGTTACTGGCACTGGATCCGGAAATTCCCAGGGAATAAACTTGAGTACATGGGGTACATAAGCTACAGTGGTAGCACTTACTACAATCCATCTCTCAAAAGTCGAATCTCCATCACTCGAGACACATCCAAGAACCACTACTACCTGCAGTTGAATTCTGTGACTACTGAGGACACAGCCACATATTACTGTGCAAGGGACTTCGATGTCTGGGGCGCAGGGACCACGGTCACCGTCTCCTCAGC
4,Uniform ladder,PR1.5,8,RI,86,GC,seq6,seq35,1,211119P14D03HK,7,5,"T35(H)I,N40(H)I,K49(H)G,S57(H)N,N85(H)G,Y87(H)F,A105(H)T","G36(L)E,Y42(L)F,Y66(L)S,S69(L)N,Q105(L)H",TRUE,TRUE,IgM,2.015120731,0,1,GAGGTGCAGCTTCAGGAGTCAGGACCTAGCCTCGTGAAACCTTCTCAGACTCTGTCCCTCACCTGTTCTGTCACTGGCGACTCCATCATCAGTGGTTACTGGATCTGGATCCGGAAATTCCCAGGGAATGGACTTGAATACATGGGGTACATAAACTACAGTGGTAGCACTTACTACAATCCATCTCTCAAAAGTCGAATCTCCATCACTCGAGACACATCCAAGGGCCAGTTCTACCTGCAGTTGAATTCTGTGACTACTGAGGACACAGCCACATATTACTGTACAAGGGACTTCGATGTCTGGGGCGCAGGGACCACGGTCACCGTCTCCTCA,EVQLQESGPSLVKPSQTLSLTCSVTGDSIISGYWIWIRKFPGNGLEYMGYINYSGSTYYNPSLKSRISITRDTSKGQFYLQLNSVTTEDTATYYCTRDFDVWGAGTTVTVSS,GACATTGTGATGACTCAGTCTCAAAAATTCATGTCCACATCAGTAGGAGACAGGGTCAGCGTCACCTGCAAGGCCAGTCAGAATGTGGAGACTAATGTAGCCTGGTTTCAACAGAAACCAGGGCAATCTCCTAAAGCACTGATTTACTCGGCATCCTCCAGATACAATGGAGTCCCTGATCGCTTCACAGGCAGTGGATCTGGGACAGATTTCACTCTCACCATCAGCAATGTGCAGTCTGAAGACTTGGCAGAGTATTTCTGTCACCAATATAACAGCTATCCTCTCACGTTCGGCTCGGGGACTAAGCTAGAAATAAAA,DIVMTQSQKFMSTSVGDRVSVTCKASQNVETNVAWFQQKPGQSPKALIYSASSRYNGVPDRFTGSGSGTDFTLTISNVQSEDLAEYFCHQYNSYPLTFGSGTKLEIK,-5.32024,-0.73088,2.1925,GTACATTCC,GTACATTCCGACATTGTGATGACTCAGTCTCAAAAATTCATGTCCACATCAGTAGGAGACAGGGTCAGCGTCACCTGCAAGGCCAGTCAGAATGTGGAGACTAATGTAGCCTGGTTTCAACAGAAACCAGGGCAATCTCCTAAAGCACTGATTTACTCGGCATCCTCCAGATACAATGGAGTCCCTGATCGCTTCACAGGCAGTGGATCTGGGACAGATTTCACTCTCACCATCAGCAATGTGCAGTCTGAAGACTTGGCAGAGTATTTCTGTCACCAATATAACAGCTATCCTCTCACGTTCGGCTCGGGGACTAAGCTAGAAATAAAA,GTACATTCC,GC,GTACATTCCGAGGTGCAGCTTCAGGAGTCAGGACCTAGCCTCGTGAAACCTTCTCAGACTCTGTCCCTCACCTGTTCTGTCACTGGCGACTCCATCATCAGTGGTTACTGGATCTGGATCCGGAAATTCCCAGGGAATGGACTTGAATACATGGGGTACATAAACTACAGTGGTAGCACTTACTACAATCCATCTCTCAAAAGTCGAATCTCCATCACTCGAGACACATCCAAGGGCCAGTTCTACCTGCAGTTGAATTCTGTGACTACTGAGGACACAGCCACATATTACTGTACAAGGGACTTCGATGTCTGGGGCGCAGGGACCACGGTCACCGTCTCCTCAGC
5,Uniform ladder,PR1.2,4,LI,73,GC,seq32,26,1,211014P07C09HK,3,3,"I56(H)M,S64(H)N,D107(H)E","Y42(L)N,Y55(L)S,S92(L)N",TRUE,TRUE,IgG1,1.013973924,0,1,GAGGTGCAGCTTCAGGAGTCAGGACCTAGCCTCGTGAAACCTTCTCAGACTCTGTCCCTCACCTGTTCTGTCACTGGCGACTCCATCACCAGTGGTTACTGGAACTGGATCCGGAAATTCCCAGGGAATAAACTTGAGTACATGGGGTACATGAGCTACAGTGGTAACACTTACTACAATCCATCTCTCAAAAGTCGAATCTCCATCACTCGAGACACATCCAAGAACCAGTACTACCTGCAGTTGAATTCTGTGACTACTGAGGACACAGCCACATATTACTGTGCAAGGGAATTCGATGTCTGGGGCGCAGGGACCACGGTCACCGTCTCCTCA,EVQLQESGPSLVKPSQTLSLTCSVTGDSITSGYWNWIRKFPGNKLEYMGYMSYSGNTYYNPSLKSRISITRDTSKNQYYLQLNSVTTEDTATYYCAREFDVWGAGTTVTVSS,GACATTGTGATGACTCAGTCTCAAAAATTCATGTCCACATCAGTAGGAGACAGGGTCAGCGTCACCTGCAAGGCCAGTCAGAATGTGGGTACTAATGTAGCCTGGAATCAACAGAAACCAGGGCAATCTCCGAAAGCACTGATTTCCTCGGCATCCTACAGGTACAGTGGAGTCCCTGACCGCTTCACAGGCAGTGGATCTGGGACAGATTTCACTCTCACCATCAACAATGTGCAGTCTGAAGACTTGGCAGAGTACTTCTGTCAGCAATATAACAGCTATCCTCTCACGTTCGGCTCGGGGACTAAACTAGAAATAAAA,DIVMTQSQKFMSTSVGDRVSVTCKASQNVGTNVAWNQQKPGQSPKALISSASYRYSGVPDRFTGSGSGTDFTLTINNVQSEDLAEYFCQQYNSYPLTFGSGTKLEIK,-3.0738,-1.33981,0.57563,GTACATTCC,GTACATTCCGACATTGTGATGACTCAGTCTCAAAAATTCATGTCCACATCAGTAGGAGACAGGGTCAGCGTCACCTGCAAGGCCAGTCAGAATGTGGGTACTAATGTAGCCTGGAATCAACAGAAACCAGGGCAATCTCCGAAAGCACTGATTTCCTCGGCATCCTACAGGTACAGTGGAGTCCCTGACCGCTTCACAGGCAGTGGATCTGGGACAGATTTCACTCTCACCATCAACAATGTGCAGTCTGAAGACTTGGCAGAGTACTTCTGTCAGCAATATAACAGCTATCCTCTCACGTTCGGCTCGGGGACTAAACTAGAAATAAAA,GTACATTCC,GC,GTACATTCCGAGGTGCAGCTTCAGGAGTCAGGACCTAGCCTCGTGAAACCTTCTCAGACTCTGTCCCTCACCTGTTCTGTCACTGGCGACTCCATCACCAGTGGTTACTGGAACTGGATCCGGAAATTCCCAGGGAATAAACTTGAGTACATGGGGTACATGAGCTACAGTGGTAACACTTACTACAATCCATCTCTCAAAAGTCGAATCTCCATCACTCGAGACACATCCAAGAACCAGTACTACCTGCAGTTGAATTCTGTGACTACTGAGGACACAGCCACATATTACTGTGCAAGGGAATTCGATGTCTGGGGCGCAGGGACCACGGTCACCGTCTCCTCAGC
6,Uniform ladder,PR1.3,3,LP,46,GC,seq51,seq23,1,211014P07D01HK,3,2,"S57(H)N,Y102(H)H,T115(H)S","T37(L)I,L112(L)P",TRUE,TRUE,IgM,1.317389441,0,1,GAGGTGCAGCTTCAGGAGTCAGGACCTAGCCTCGTGAAACCTTCTCAGACTCTGTCCCTCACCTGTTCTGTCACTGGCGACTCCATCACCAGTGGTTACTGGAACTGGATCCGGAAATTCCCAGGGAATAAACTTGAGTACATGGGGTACATAAACTACAGTGGTAGCACTTACTACAATCCATCTCTCAAAAGTCGAATCTCCATCACTCGAGACACATCCAAGAACCAGTACTACCTGCAGTTGAATTCTGTGACTACTGAGGACACAGCCACACATTACTGTGCAAGGGACTTCGATGTCTGGGGCGCAGGGAGCACGGTCACCGTCTCCTCA,EVQLQESGPSLVKPSQTLSLTCSVTGDSITSGYWNWIRKFPGNKLEYMGYINYSGSTYYNPSLKSRISITRDTSKNQYYLQLNSVTTEDTATHYCARDFDVWGAGSTVTVSS,GACATTGTGATGACTCAGTCTCAAAAATTCATGTCCACATCAGTAGGAGACAGGGTCAGCGTCACCTGCAAGGCCAGTCAGAATGTGGGTATTAATGTAGCCTGGTATCAACAGAAACCAGGGCAATCTCCCAAAGCACTGATTTACTCGGCATCCTACAGGTACAGTGGAGTCCCTGATCGCTTCACAGGCAGTGGATCTGGGACAGATTTCACTCTCACCATCAGCAATGTGCAGTCTGAAGACTTGGCAGAGTATTTCTGTCAGCAATATAACAGCTATCCTCCCACGTTCGGCTCGGGGACTAAGCTAGAAATAAAA,DIVMTQSQKFMSTSVGDRVSVTCKASQNVGINVAWYQQKPGQSPKALIYSASYRYSGVPDRFTGSGSGTDFTLTISNVQSEDLAEYFCQQYNSYPPTFGSGTKLEIK,-1.41357,-1.84166,0.87274,GTACATTCC,GTACATTCCGACATTGTGATGACTCAGTCTCAAAAATTCATGTCCACATCAGTAGGAGACAGGGTCAGCGTCACCTGCAAGGCCAGTCAGAATGTGGGTATTAATGTAGCCTGGTATCAACAGAAACCAGGGCAATCTCCCAAAGCACTGATTTACTCGGCATCCTACAGGTACAGTGGAGTCCCTGATCGCTTCACAGGCAGTGGATCTGGGACAGATTTCACTCTCACCATCAGCAATGTGCAGTCTGAAGACTTGGCAGAGTATTTCTGTCAGCAATATAACAGCTATCCTCCCACGTTCGGCTCGGGGACTAAGCTAGAAATAAAA,GTACATTCC,GC,GTACATTCCGAGGTGCAGCTTCAGGAGTCAGGACCTAGCCTCGTGAAACCTTCTCAGACTCTGTCCCTCACCTGTTCTGTCACTGGCGACTCCATCACCAGTGGTTACTGGAACTGGATCCGGAAATTCCCAGGGAATAAACTTGAGTACATGGGGTACATAAACTACAGTGGTAGCACTTACTACAATCCATCTCTCAAAAGTCGAATCTCCATCACTCGAGACACATCCAAGAACCAGTACTACCTGCAGTTGAATTCTGTGACTACTGAGGACACAGCCACACATTACTGTGCAAGGGACTTCGATGTCTGGGGCGCAGGGAGCACGGTCACCGTCTCCTCAGC
7,Uniform ladder,PR1.7,1,RB,12,GC,seq21,3,1,220114P02F01HK,5,3,"D28(H)A,T35(H)A,N40(H)S,Y67(H)F,S74(H)G","Y66(L)H,F103(L)I,N108(L)K",TRUE,TRUE,IgG2,2.42600161,0,1,GAGGTGCAGCTTCAGGAGTCAGGACCTAGCCTCGTGAAACCTTCTCAGACTCTGTCCCTCACCTGTTCTGTCACTGGCGCCTCCATCGCCAGTGGTTACTGGAGCTGGATCCGGAAATTCCCAGGGAATAAACTTGAGTACATGGGGTACATAAGTTACAGTGGTAGCACTTACTTCAATCCATCTCTCAAAGGTCGAATCTCCATCACTCGAGACACATCCAAGAACCAGTACTACCTGCAGTTGAATTCTGTGACTACTGAGGACACAGCCACATATTACTGTGCAAGGGACTTCGATGTCTGGGGCGCAGGGACCACGGTCACCGTCTCCTCA,EVQLQESGPSLVKPSQTLSLTCSVTGASIASGYWSWIRKFPGNKLEYMGYISYSGSTYFNPSLKGRISITRDTSKNQYYLQLNSVTTEDTATYYCARDFDVWGAGTTVTVSS,GACATTGTGATGACTCAGTCTCAAAAATTCATGTCCACATCAGTAGGAGACAGGGTCAGCGTCACCTGCAAGGCCAGTCAGAATGTGGGTACTAATGTAGCCTGGTATCAACAGAAACCAGGGCAATCTCCTAAAGCACTGATTTACTCGGCATCCCACAGGTACAGTGGAGTCCCTGATCGCTTCACAGGCAGTGGATCTGGGACAGATTTCACTCTCACCATCAGCAATGTGCAGTCTGAAGACTTGGCAGAGTATATCTGTCAGCAATATAAGAGCTATCCTCTCACGTTCGGCTCGGGGACTAAGCTAGAAATAAAA,DIVMTQSQKFMSTSVGDRVSVTCKASQNVGTNVAWYQQKPGQSPKALIYSASHRYSGVPDRFTGSGSGTDFTLTISNVQSEDLAEYICQQYKSYPLTFGSGTKLEIK,1.50696,0.11229,0.16275,GTACATTCC,GTACATTCCGACATTGTGATGACTCAGTCTCAAAAATTCATGTCCACATCAGTAGGAGACAGGGTCAGCGTCACCTGCAAGGCCAGTCAGAATGTGGGTACTAATGTAGCCTGGTATCAACAGAAACCAGGGCAATCTCCTAAAGCACTGATTTACTCGGCATCCCACAGGTACAGTGGAGTCCCTGATCGCTTCACAGGCAGTGGATCTGGGACAGATTTCACTCTCACCATCAGCAATGTGCAGTCTGAAGACTTGGCAGAGTATATCTGTCAGCAATATAAGAGCTATCCTCTCACGTTCGGCTCGGGGACTAAGCTAGAAATAAAA,GTACATTCC,GC,GTACATTCCGAGGTGCAGCTTCAGGAGTCAGGACCTAGCCTCGTGAAACCTTCTCAGACTCTGTCCCTCACCTGTTCTGTCACTGGCGCCTCCATCGCCAGTGGTTACTGGAGCTGGATCCGGAAATTCCCAGGGAATAAACTTGAGTACATGGGGTACATAAGTTACAGTGGTAGCACTTACTTCAATCCATCTCTCAAAGGTCGAATCTCCATCACTCGAGACACATCCAAGAACCAGTACTACCTGCAGTTGAATTCTGTGACTACTGAGGACACAGCCACATATTACTGTGCAAGGGACTTCGATGTCTGGGGCGCAGGGACCACGGTCACCGTCTCCTCAGC
8,Uniform ladder,PR1.6,8,RP,84,GC,seq62,seq40,1,211203P14B06HK,5,5,"D28(H)G,S57(H)N,S64(H)G,A105(H)G,V110(H)F","V15(L)E,N28(L)D,Q44(L)E,Q105(L)H,N108(L)K",TRUE,TRUE,IgG1,2.824105888,1.463005156,3,GAGGTGCAGCTTCAGGAGTCAGGACCTAGCCTCGTGAAACCTTCTCAGACTCTGTCCCTCACCTGTTCTGTCACTGGCGGCTCCATCACCAGTGGTTACTGGAACTGGATCCGGAAATTCCCAGGGAATAAACTTGAGTACATGGGGTACATAAACTACAGTGGTGGCACTTACTACAATCCGTCTCTCAAAAGTCGAATCTCCATCACTCGAGACACATCCAAGAACCAGTACTATTTGCAGTTGAATTCTGTGACTACTGAGGACACAGCCACATATTACTGTGGAAGGGACTTCGATTTCTGGGGCGCAGGGACCACGGTCACCGTCTCCTCA,EVQLQESGPSLVKPSQTLSLTCSVTGGSITSGYWNWIRKFPGNKLEYMGYINYSGGTYYNPSLKSRISITRDTSKNQYYLQLNSVTTEDTATYYCGRDFDFWGAGTTVTVSS,GACATTGTAATGACTCAGTCTCAAAAATTCATGTCCACATCAGAAGGAGACAGGGTCAGCGTCACCTGCAAGGCCAGTCAGGATGTGGGCACTAATGTAGCCTGGTATCAAGAGAAACCAGGGCAATCTCCTAAAGCACTGATTTACTCGGCATCCTACAGGTACAGTGGAGTCCCTGATCGCTTCACAGGCAGTGGATCTGGGACAGATTTCACTCTCACCATCAGCAATGTGCAGTCTGAAGACTTGGCAGAGTATTTCTGTCACCAATATAAAAGTTATCCTCTCACGTTCGGCTCGGGGACTAAACTAGAAATAAAA,DIVMTQSQKFMSTSEGDRVSVTCKASQDVGTNVAWYQEKPGQSPKALIYSASYRYSGVPDRFTGSGSGTDFTLTISNVQSEDLAEYFCHQYKSYPLTFGSGTKLEIK,2.19166,-0.08753,0.72645,GTACATTCC,GTACATTCCGACATTGTAATGACTCAGTCTCAAAAATTCATGTCCACATCAGAAGGAGACAGGGTCAGCGTCACCTGCAAGGCCAGTCAGGATGTGGGCACTAATGTAGCCTGGTATCAAGAGAAACCAGGGCAATCTCCTAAAGCACTGATTTACTCGGCATCCTACAGGTACAGTGGAGTCCCTGATCGCTTCACAGGCAGTGGATCTGGGACAGATTTCACTCTCACCATCAGCAATGTGCAGTCTGAAGACTTGGCAGAGTATTTCTGTCACCAATATAAAAGTTATCCTCTCACGTTCGGCTCGGGGACTAAACTAGAAATAAAA,GTACATTCC,GC,GTACATTCCGAGGTGCAGCTTCAGGAGTCAGGACCTAGCCTCGTGAAACCTTCTCAGACTCTGTCCCTCACCTGTTCTGTCACTGGCGGCTCCATCACCAGTGGTTACTGGAACTGGATCCGGAAATTCCCAGGGAATAAACTTGAGTACATGGGGTACATAAACTACAGTGGTGGCACTTACTACAATCCGTCTCTCAAAAGTCGAATCTCCATCACTCGAGACACATCCAAGAACCAGTACTATTTGCAGTTGAATTCTGTGACTACTGAGGACACAGCCACATATTACTGTGGAAGGGACTTCGATTTCTGGGGCGCAGGGACCACGGTCACCGTCTCCTCAGC
9,Uniform ladder,PR1.5,8,LB,89,GC,seq67,40,1,211119P15F06HK,5,6,"D28(H)V,S59(H)T,I76(H)F,Q86(H)H,A105(H)G","F10(L)L,Q105(L)H,N108(L)K,S109(L)I,L112(L)I,E121(L)D",TRUE,TRUE,IgG1,1.001698989,0,1,GAGGTGCAGCTTCAGGAGTCAGGACCTAGCCTCGTGAAACCTTCTCAGACTCTGTCCCTCACCTGTTCTGTCACTGGCGTCTCCATCACCAGTGGTTACTGGAACTGGATCCGGAAATTCCCAGGGAATAAACTTGAGTACATGGGGTACATAAGCTACACTGGTAGTACTTACTACAATCCATCTCTTAAAAGTCGATTCTCCATCACTCGAGACACATCCAAGAACCACTACTACCTGCAGTTGAATTCTGTGACTACTGAGGACACAGCCACATATTACTGTGGAAGGGACTTCGATGTCTGGGGCGCAGGGACCACGGTCACCGTCTCCTCA,EVQLQESGPSLVKPSQTLSLTCSVTGVSITSGYWNWIRKFPGNKLEYMGYISYTGSTYYNPSLKSRFSITRDTSKNHYYLQLNSVTTEDTATYYCGRDFDVWGAGTTVTVSS,GACATTGTGATGACTCAGTCTCAAAAACTCATGTCCACATCAGTAGGAGACAGGGTCAGCGTCACCTGCAAGGCCAGTCAGAATGTGGGTACTAATGTTGCCTGGTATCAACAGAAACCAGGACAATCTCCTAAAGCACTGATTTACTCGGCATCCTACAGGTACAGTGGAGTCCCTGATCGCTTCACAGGCAGTGGATCCGGGACAGATTTCACTCTCACCATCAGCAATGTGCAGTCTGAAGACTTGGCAGAGTATTTCTGTCACCAATATAAAATCTATCCTATCACGTTCGGCTCGGGGACTAAGTTAGACATAAAA,DIVMTQSQKLMSTSVGDRVSVTCKASQNVGTNVAWYQQKPGQSPKALIYSASYRYSGVPDRFTGSGSGTDFTLTISNVQSEDLAEYFCHQYKIYPITFGSGTKLDIK,2.70218,0.0596,-0.10394,GTACATTCC,GTACATTCCGACATTGTGATGACTCAGTCTCAAAAACTCATGTCCACATCAGTAGGAGACAGGGTCAGCGTCACCTGCAAGGCCAGTCAGAATGTGGGTACTAATGTTGCCTGGTATCAACAGAAACCAGGACAATCTCCTAAAGCACTGATTTACTCGGCATCCTACAGGTACAGTGGAGTCCCTGATCGCTTCACAGGCAGTGGATCCGGGACAGATTTCACTCTCACCATCAGCAATGTGCAGTCTGAAGACTTGGCAGAGTATTTCTGTCACCAATATAAAATCTATCCTATCACGTTCGGCTCGGGGACTAAGTTAGACATAAAA,GTACATTCC,GC,GTACATTCCGAGGTGCAGCTTCAGGAGTCAGGACCTAGCCTCGTGAAACCTTCTCAGACTCTGTCCCTCACCTGTTCTGTCACTGGCGTCTCCATCACCAGTGGTTACTGGAACTGGATCCGGAAATTCCCAGGGAATAAACTTGAGTACATGGGGTACATAAGCTACACTGGTAGTACTTACTACAATCCATCTCTTAAAAGTCGATTCTCCATCACTCGAGACACATCCAAGAACCACTACTACCTGCAGTTGAATTCTGTGACTACTGAGGACACAGCCACATATTACTGTGGAAGGGACTTCGATGTCTGGGGCGCAGGGACCACGGTCACCGTCTCCTCAGC
10,Uniform ladder,PR1.5,8,RI,86,GC,18,53,0,,6,4,"D28(H)A,G47(H)E,L50(H)F,S64(H)R,K72(H)Q,A105(H)G","V15(L)A,A40(L)G,Q95(L)H,N108(L)H",TRUE,TRUE,IgG2,2.729368858,1.729261258,2,GAGGTGCAGCTTCAGGAGTCAGGACCTAGCCTCGTGAAACCTTCTCAGACTCTGTCCCTCACCTGTTCTGTCACTGGCGCCTCCATCACCAGTGGTTACTGGAACTGGATCCGGAAATTCCCAGAGAATAAATTTGAGTACATGGGGTACATAAGCTACAGTGGTCGAACTTACTACAATCCATCTCTCCAAAGTCGAATCTCCATCACTCGAGACACATCCAAGAACCAGTACTACCTGCAGTTGAATTCTGTGACTACTGAGGACACAGCCACATATTACTGTGGAAGGGACTTCGATGTCTGGGGCGCAGGGACCACGGTCACCGTCTCCTCA,EVQLQESGPSLVKPSQTLSLTCSVTGASITSGYWNWIRKFPENKFEYMGYISYSGRTYYNPSLQSRISITRDTSKNQYYLQLNSVTTEDTATYYCGRDFDVWGAGTTVTVSS,GACATTGTGATGACTCAGTCTCAAAAATTCATGTCCACATCAGCAGGAGACAGGGTCAGCGTCACCTGCAAGGCCAGTCAGAATGTCGGTACTAATGTAGGCTGGTATCAACAGAAACCAGGGCAATCTCCTAAAGCACTGATTTACTCGGCATCCTACAGATACAGTGGAGTCCCTGATCGCTTCACAGGCAGTGGATCTGGGACAGATTTCACTCTCACCATCAGCAATGTGCACTCTGAAGACTTGGCAGAATATTTCTGTCAGCAATATCACAGCTATCCTCTCACGTTCGGCTCGGGGACTAAGCTAGAAATAAAA,DIVMTQSQKFMSTSAGDRVSVTCKASQNVGTNVGWYQQKPGQSPKALIYSASYRYSGVPDRFTGSGSGTDFTLTISNVHSEDLAEYFCQQYHSYPLTFGSGTKLEIK,3.51789,0.28299,-0.06213,GTACATTCC,GTACATTCCGACATTGTGATGACTCAGTCTCAAAAATTCATGTCCACATCAGCAGGAGACAGGGTCAGCGTCACCTGCAAGGCCAGTCAGAATGTCGGTACTAATGTAGGCTGGTATCAACAGAAACCAGGGCAATCTCCTAAAGCACTGATTTACTCGGCATCCTACAGATACAGTGGAGTCCCTGATCGCTTCACAGGCAGTGGATCTGGGACAGATTTCACTCTCACCATCAGCAATGTGCACTCTGAAGACTTGGCAGAATATTTCTGTCAGCAATATCACAGCTATCCTCTCACGTTCGGCTCGGGGACTAAGCTAGAAATAAAA,GTACATTCC,GC,GTACATTCCGAGGTGCAGCTTCAGGAGTCAGGACCTAGCCTCGTGAAACCTTCTCAGACTCTGTCCCTCACCTGTTCTGTCACTGGCGCCTCCATCACCAGTGGTTACTGGAACTGGATCCGGAAATTCCCAGAGAATAAATTTGAGTACATGGGGTACATAAGCTACAGTGGTCGAACTTACTACAATCCATCTCTCCAAAGTCGAATCTCCATCACTCGAGACACATCCAAGAACCAGTACTACCTGCAGTTGAATTCTGTGACTACTGAGGACACAGCCACATATTACTGTGGAAGGGACTTCGATGTCTGGGGCGCAGGGACCACGGTCACCGTCTCCTCAGC
11,"""elbow""",PR1.8,1,LP,5,GC,11,naive,0,,0,3,,"E97(L)D,Q106(L)H,L112(L)P",TRUE,TRUE,IgG1,7.946641796,6.591930921,18,GAGGTGCAGCTTCAGGAGTCAGGACCTAGCCTCGTGAAACCTTCTCAGACTCTGTCCCTCACCTGTTCTGTCACTGGCGACTCCATCACCAGTGGTTACTGGAACTGGATCCGGAAATTCCCAGGGAATAAACTTGAGTACATGGGGTACATAAGCTACAGTGGTAGCACTTACTACAATCCATCTCTCAAAAGTCGAATCTCCATCACTCGAGACACATCCAAGAACCAGTACTACCTGCAGTTGAATTCTGTGACTACTGAGGACACAGCCACATATTACTGTGCAAGGGACTTCGATGTCTGGGGCGCAGGGACCACGGTCACCGTCTCCTCA,EVQLQESGPSLVKPSQTLSLTCSVTGDSITSGYWNWIRKFPGNKLEYMGYISYSGSTYYNPSLKSRISITRDTSKNQYYLQLNSVTTEDTATYYCARDFDVWGAGTTVTVSS,GACATTGTGATGACTCAGTCTCAAAAATTCATGTCCACATCAGTAGGAGACAGGGTCAGCGTCACCTGCAAGGCCAGTCAGAATGTGGGTACTAATGTAGCCTGGTATCAACAGAAACCAGGGCAATCTCCTAAAGCACTGATTTACTCGGCATCCTACAGATACAGTGGAGTCCCTGATCGCTTCACAGGCAGTGGATCTGGGACAGATTTCACTCTCACCATCAGCAATGTGCAGTCTGATGACTTGGCAGAGTATTTCTGTCAGCATTATAACAGCTATCCTCCCACGTTCGGCTCGGGGACTAAGCTAGAAATAAAA,DIVMTQSQKFMSTSVGDRVSVTCKASQNVGTNVAWYQQKPGQSPKALIYSASYRYSGVPDRFTGSGSGTDFTLTISNVQSDDLAEYFCQHYNSYPPTFGSGTKLEIK,-0.67113,-0.60433,-0.22618,GTACATTCC,GTACATTCCGACATTGTGATGACTCAGTCTCAAAAATTCATGTCCACATCAGTAGGAGACAGGGTCAGCGTCACCTGCAAGGCCAGTCAGAATGTGGGTACTAATGTAGCCTGGTATCAACAGAAACCAGGGCAATCTCCTAAAGCACTGATTTACTCGGCATCCTACAGATACAGTGGAGTCCCTGATCGCTTCACAGGCAGTGGATCTGGGACAGATTTCACTCTCACCATCAGCAATGTGCAGTCTGATGACTTGGCAGAGTATTTCTGTCAGCATTATAACAGCTATCCTCCCACGTTCGGCTCGGGGACTAAGCTAGAAATAAAA,GTACATTCC,GC,GTACATTCCGAGGTGCAGCTTCAGGAGTCAGGACCTAGCCTCGTGAAACCTTCTCAGACTCTGTCCCTCACCTGTTCTGTCACTGGCGACTCCATCACCAGTGGTTACTGGAACTGGATCCGGAAATTCCCAGGGAATAAACTTGAGTACATGGGGTACATAAGCTACAGTGGTAGCACTTACTACAATCCATCTCTCAAAAGTCGAATCTCCATCACTCGAGACACATCCAAGAACCAGTACTACCTGCAGTTGAATTCTGTGACTACTGAGGACACAGCCACATATTACTGTGCAAGGGACTTCGATGTCTGGGGCGCAGGGACCACGGTCACCGTCTCCTCAGC
12,"""elbow""",PR1.2,4,RP,47,GC,seq3,4,4,"211014P14H04HK,211014P14C07HK,211014P14B09HK,211014P14D07HK",4,1,"D28(H)A,S57(H)N,S59(H)N,I78(H)L",N108(L)K,TRUE,TRUE,IgG1,7.658352943,2.271881649,10,GAGGTGCAGCTTCAGGAGTCAGGACCTAGCCTCGTGAAACCTTCTCAGACTCTGTCCCTCACCTGTTCTGTCACTGGCGCCTCCATCACCAGTGGTTACTGGAACTGGATCCGGAAATTCCCAGGGAATAAACTTGAGTACATGGGGTACATAAACTACAATGGTAGCACTTACTACAATCCATCTCTCAAAAGTCGAATCTCCCTCACTCGAGACACATCCAAGAACCAGTACTACCTGCAGTTGAATTCTGTGACTACTGAGGACACAGCCACATACTACTGTGCAAGGGACTTCGATGTCTGGGGCGCAGGGACCACGGTCACCGTCTCCTCA,EVQLQESGPSLVKPSQTLSLTCSVTGASITSGYWNWIRKFPGNKLEYMGYINYNGSTYYNPSLKSRISLTRDTSKNQYYLQLNSVTTEDTATYYCARDFDVWGAGTTVTVSS,GACATTGTGATGACTCAGTCTCAAAAATTCATGTCCACATCAGTAGGAGACAGGGTCAGCGTCACCTGCAAGGCCAGTCAGAATGTGGGTACTAATGTAGCCTGGTATCAACAGAAACCAGGGCAATCTCCTAAAGCACTGATTTACTCGGCATCCTACAGGTACAGTGGAGTCCCTGATCGCTTCACAGGCAGTGGATCTGGGACAGATTTCACTCTCACCATCAGCAATGTGCAGTCTGAAGACTTGGCAGAGTATTTCTGTCAGCAATATAAAAGCTATCCTCTCACGTTCGGCTCGGGGACTAAGCTAGAAATAAAA,DIVMTQSQKFMSTSVGDRVSVTCKASQNVGTNVAWYQQKPGQSPKALIYSASYRYSGVPDRFTGSGSGTDFTLTISNVQSEDLAEYFCQQYKSYPLTFGSGTKLEIK,-1.99783,-0.31607,0.01951,GTACATTCC,GTACATTCCGACATTGTGATGACTCAGTCTCAAAAATTCATGTCCACATCAGTAGGAGACAGGGTCAGCGTCACCTGCAAGGCCAGTCAGAATGTGGGTACTAATGTAGCCTGGTATCAACAGAAACCAGGGCAATCTCCTAAAGCACTGATTTACTCGGCATCCTACAGGTACAGTGGAGTCCCTGATCGCTTCACAGGCAGTGGATCTGGGACAGATTTCACTCTCACCATCAGCAATGTGCAGTCTGAAGACTTGGCAGAGTATTTCTGTCAGCAATATAAAAGCTATCCTCTCACGTTCGGCTCGGGGACTAAGCTAGAAATAAAA,GTACATTCC,GC,GTACATTCCGAGGTGCAGCTTCAGGAGTCAGGACCTAGCCTCGTGAAACCTTCTCAGACTCTGTCCCTCACCTGTTCTGTCACTGGCGCCTCCATCACCAGTGGTTACTGGAACTGGATCCGGAAATTCCCAGGGAATAAACTTGAGTACATGGGGTACATAAACTACAATGGTAGCACTTACTACAATCCATCTCTCAAAAGTCGAATCTCCCTCACTCGAGACACATCCAAGAACCAGTACTACCTGCAGTTGAATTCTGTGACTACTGAGGACACAGCCACATACTACTGTGCAAGGGACTTCGATGTCTGGGGCGCAGGGACCACGGTCACCGTCTCCTCAGC
13,"""elbow""",PR1.8,1,RI,7,GC,6,naive,0,,1,1,Y87(H)H,V39(L)I,TRUE,TRUE,IgG2,5.182477601,3.06266847,5,GAGGTGCAGCTTCAGGAGTCAGGACCTAGCCTCGTGAAACCTTCTCAGACTCTGTCCCTCACCTGTTCTGTCACTGGCGACTCCATCACCAGTGGTTACTGGAACTGGATCCGGAAATTCCCAGGGAATAAACTTGAGTACATGGGGTACATAAGCTACAGTGGTAGCACTTACTACAATCCATCTCTCAAAAGTCGAATCTCCATCACTCGAGACACATCTAAGAACCAGCACTACCTGCAGTTGAATTCTGTGACTACTGAGGACACAGCCACATATTACTGTGCAAGGGACTTCGATGTCTGGGGCGCAGGGACCACGGTCACCGTCTCCTCA,EVQLQESGPSLVKPSQTLSLTCSVTGDSITSGYWNWIRKFPGNKLEYMGYISYSGSTYYNPSLKSRISITRDTSKNQHYLQLNSVTTEDTATYYCARDFDVWGAGTTVTVSS,GACATTGTGATGACTCAGTCTCAAAAATTCATGTCCACATCAGTAGGAGACAGGGTCAGCGTCACCTGCAAGGCCAGTCAGAATGTGGGTACTAATATAGCCTGGTATCAACAGAAACCAGGGCAATCTCCTAAAGCACTGATTTACTCGGCATCCTACAGGTACAGTGGAGTCCCTGATCGCTTCACAGGCAGTGGATCTGGGACAGATTTCACTCTCACCATCAGCAATGTGCAGTCTGAAGACTTGGCAGAGTATTTCTGTCAGCAATATAACAGCTATCCTCTCACGTTCGGCTCGGGGACTAAGCTAGAAATAAAA,DIVMTQSQKFMSTSVGDRVSVTCKASQNVGTNIAWYQQKPGQSPKALIYSASYRYSGVPDRFTGSGSGTDFTLTISNVQSEDLAEYFCQQYNSYPLTFGSGTKLEIK,-1.04789,-0.06201,0.34083,GTACATTCC,GTACATTCCGACATTGTGATGACTCAGTCTCAAAAATTCATGTCCACATCAGTAGGAGACAGGGTCAGCGTCACCTGCAAGGCCAGTCAGAATGTGGGTACTAATATAGCCTGGTATCAACAGAAACCAGGGCAATCTCCTAAAGCACTGATTTACTCGGCATCCTACAGGTACAGTGGAGTCCCTGATCGCTTCACAGGCAGTGGATCTGGGACAGATTTCACTCTCACCATCAGCAATGTGCAGTCTGAAGACTTGGCAGAGTATTTCTGTCAGCAATATAACAGCTATCCTCTCACGTTCGGCTCGGGGACTAAGCTAGAAATAAAA,GTACATTCC,GC,GTACATTCCGAGGTGCAGCTTCAGGAGTCAGGACCTAGCCTCGTGAAACCTTCTCAGACTCTGTCCCTCACCTGTTCTGTCACTGGCGACTCCATCACCAGTGGTTACTGGAACTGGATCCGGAAATTCCCAGGGAATAAACTTGAGTACATGGGGTACATAAGCTACAGTGGTAGCACTTACTACAATCCATCTCTCAAAAGTCGAATCTCCATCACTCGAGACACATCTAAGAACCAGCACTACCTGCAGTTGAATTCTGTGACTACTGAGGACACAGCCACATATTACTGTGCAAGGGACTTCGATGTCTGGGGCGCAGGGACCACGGTCACCGTCTCCTCAGC
14,"""elbow""",PR1.2,3,LB,58,GC,seq12,19,1,211014P05G02HK,3,2,"S64(H)T,K72(H)T,A105(H)V","R67(L)S,D74(L)A",TRUE,TRUE,IgG1,2.484769821,1.455856952,4,GAGGTGCAGCTTCAGGAGTCAGGACCTAGCCTCGTGAAACCTTCTCAGACTCTGTCCCTCACCTGTTCTGTCACTGGCGACTCCATCACCAGTGGTTACTGGAACTGGATCCGGAAATTCCCAGGGAATAAACTTGAGTACATGGGGTACATAAGCTACAGTGGTACCACTTACTACAATCCATCTCTCACAAGTCGAATCTCCATCACTCGAGACACATCCAAGAACCAGTACTACCTGCAGTTGAATTCTGTGACTACTGAGGACACAGCCACATATTACTGTGTAAGGGACTTCGATGTCTGGGGCGCAGGGACCACGGTCACCGTCTCCTCA,EVQLQESGPSLVKPSQTLSLTCSVTGDSITSGYWNWIRKFPGNKLEYMGYISYSGTTYYNPSLTSRISITRDTSKNQYYLQLNSVTTEDTATYYCVRDFDVWGAGTTVTVSS,GACATTGTGATGACTCAGTCTCAAAAATTCATGTCCACATCAGTAGGAGACAGGGTCAGCGTCACCTGCAAGGCCAGTCAGAATGTGGGTACTAATGTAGCCTGGTATCAACAGAAGCCAGGGCAATCTCCTAAAGCACTGATTTACTCGGCATCCTACAGTTACAGTGGAGTCCCTGCTCGCTTCACAGGCAGTGGATCTGGGACAGATTTCACTCTCACCATCAGCAATGTGCAGTCTGAAGACTTGGCAGAGTATTTCTGTCAGCAATATAACAGCTATCCTCTCACGTTCGGCTCGGGGACTAAGCTCGAAATAAAA,DIVMTQSQKFMSTSVGDRVSVTCKASQNVGTNVAWYQQKPGQSPKALIYSASYSYSGVPARFTGSGSGTDFTLTISNVQSEDLAEYFCQQYNSYPLTFGSGTKLEIK,-3.50008,-0.1772,0.10162,GTACATTCC,GTACATTCCGACATTGTGATGACTCAGTCTCAAAAATTCATGTCCACATCAGTAGGAGACAGGGTCAGCGTCACCTGCAAGGCCAGTCAGAATGTGGGTACTAATGTAGCCTGGTATCAACAGAAGCCAGGGCAATCTCCTAAAGCACTGATTTACTCGGCATCCTACAGTTACAGTGGAGTCCCTGCTCGCTTCACAGGCAGTGGATCTGGGACAGATTTCACTCTCACCATCAGCAATGTGCAGTCTGAAGACTTGGCAGAGTATTTCTGTCAGCAATATAACAGCTATCCTCTCACGTTCGGCTCGGGGACTAAGCTCGAAATAAAA,GTACATTCC,GC,GTACATTCCGAGGTGCAGCTTCAGGAGTCAGGACCTAGCCTCGTGAAACCTTCTCAGACTCTGTCCCTCACCTGTTCTGTCACTGGCGACTCCATCACCAGTGGTTACTGGAACTGGATCCGGAAATTCCCAGGGAATAAACTTGAGTACATGGGGTACATAAGCTACAGTGGTACCACTTACTACAATCCATCTCTCACAAGTCGAATCTCCATCACTCGAGACACATCCAAGAACCAGTACTACCTGCAGTTGAATTCTGTGACTACTGAGGACACAGCCACATATTACTGTGTAAGGGACTTCGATGTCTGGGGCGCAGGGACCACGGTCACCGTCTCCTCAGC
15,Burst: LBI #1,PR1.2,2,LA,38,GC,seq2,1,8,"211014P13A11HK,211014P13D09HK,211014P13F07HK,211014P13D02HK,211014P13B12HK,211014P13C08HK,211014P13B04HK,211014P13H02HK",0,3,,"R67(L)K,Q105(L)H,L112(L)I",TRUE,TRUE,"IgG1:4,IgM:4",48.2375503,5.448776676,86,GAGGTGCAGCTTCAGGAGTCAGGACCTAGCCTCGTGAAACCTTCTCAGACTCTGTCCCTCACCTGTTCTGTCACTGGCGACTCCATCACCAGTGGTTACTGGAACTGGATCCGGAAATTCCCAGGGAATAAACTTGAGTACATGGGGTACATAAGCTACAGTGGTAGCACTTACTACAATCCATCTCTCAAAAGTCGAATCTCCATCACTCGAGACACATCCAAGAACCAGTACTACCTGCAGTTGAATTCTGTGACTACTGAGGACACAGCCACATATTACTGTGCAAGGGACTTCGATGTCTGGGGCGCAGGGACCACGGTCACCGTCTCCTCA,EVQLQESGPSLVKPSQTLSLTCSVTGDSITSGYWNWIRKFPGNKLEYMGYISYSGSTYYNPSLKSRISITRDTSKNQYYLQLNSVTTEDTATYYCARDFDVWGAGTTVTVSS,GACATTGTGATGACTCAGTCTCAAAAATTCATGTCCACATCAGTAGGAGACAGGGTCAGCGTCACCTGCAAGGCCAGTCAGAATGTGGGTACTAATGTAGCCTGGTATCAACAGAAACCAGGGCAATCTCCTAAAGCACTGATTTACTCGGCATCCTACAAATACAGTGGAGTCCCTGATCGCTTCACAGGCAGTGGATCTGGGACAGATTTCACTCTCACCATCAGCAATGTGCAGTCTGAAGACTTGGCAGAGTATTTCTGTCACCAATATAACAGCTATCCTATCACGTTCGGCTCGGGGACTAAGCTAGAAATAAAA,DIVMTQSQKFMSTSVGDRVSVTCKASQNVGTNVAWYQQKPGQSPKALIYSASYKYSGVPDRFTGSGSGTDFTLTISNVQSEDLAEYFCHQYNSYPITFGSGTKLEIK,0.53801,0.03213,0.00931,GTACATTCC,GTACATTCCGACATTGTGATGACTCAGTCTCAAAAATTCATGTCCACATCAGTAGGAGACAGGGTCAGCGTCACCTGCAAGGCCAGTCAGAATGTGGGTACTAATGTAGCCTGGTATCAACAGAAACCAGGGCAATCTCCTAAAGCACTGATTTACTCGGCATCCTACAAATACAGTGGAGTCCCTGATCGCTTCACAGGCAGTGGATCTGGGACAGATTTCACTCTCACCATCAGCAATGTGCAGTCTGAAGACTTGGCAGAGTATTTCTGTCACCAATATAACAGCTATCCTATCACGTTCGGCTCGGGGACTAAGCTAGAAATAAAA,GTACATTCC,GC,GTACATTCCGAGGTGCAGCTTCAGGAGTCAGGACCTAGCCTCGTGAAACCTTCTCAGACTCTGTCCCTCACCTGTTCTGTCACTGGCGACTCCATCACCAGTGGTTACTGGAACTGGATCCGGAAATTCCCAGGGAATAAACTTGAGTACATGGGGTACATAAGCTACAGTGGTAGCACTTACTACAATCCATCTCTCAAAAGTCGAATCTCCATCACTCGAGACACATCCAAGAACCAGTACTACCTGCAGTTGAATTCTGTGACTACTGAGGACACAGCCACATATTACTGTGCAAGGGACTTCGATGTCTGGGGCGCAGGGACCACGGTCACCGTCTCCTCAGC
16,Burst: LBI #2,PR1.4,4,RA,70,GC,seq9,3,9,"211020P13B01HK,211020P13F08HK,211020P13H05HK,211020P13B07HK,211020P13E05HK,211020P13G02HK,211020P13B09HK,211020P13D02HK,211020P13F02HK",2,2,"S64(H)T,N92(H)K","Y42(L)C,N108(L)H",TRUE,TRUE,IgG2,40.87514455,15.62870328,67,GAGGTGCAGCTTCAGGAGTCAGGACCTAGCCTCGTGAAACCTTCTCAGACTCTGTCCCTCACCTGTTCTGTCACTGGCGACTCCATCACCAGTGGTTACTGGAACTGGATCCGGAAATTCCCAGGGAATAAACTTGAGTACATGGGGTACATAAGCTACAGTGGTACCACTTACTACAATCCATCTCTCAAAAGTCGAATCTCCATCACTCGAGACACATCCAAGAACCAGTACTACCTGCAGTTGAAATCTGTGACTACTGAGGACACAGCCACATATTACTGTGCAAGGGACTTCGATGTCTGGGGCGCAGGGACCACGGTCACCGTCTCCTCA,EVQLQESGPSLVKPSQTLSLTCSVTGDSITSGYWNWIRKFPGNKLEYMGYISYSGTTYYNPSLKSRISITRDTSKNQYYLQLKSVTTEDTATYYCARDFDVWGAGTTVTVSS,GACATTGTGATGACTCAGTCTCAAAAATTCATGTCCACATCAGTAGGAGACAGGGTCAGCGTCACCTGCAAGGCCAGTCAGAATGTGGGCACTAATGTAGCCTGGTGTCAACAGAAACCAGGGCAATCTCCTAAAGCACTGATTTACTCGGCATCCTACAGGTACAGTGGAGTCCCTGATCGCTTCACAGGCAGTGGATCTGGGACAGATTTCACTCTCACCATCAGCAATGTGCAGTCTGAAGACTTGGCAGAGTATTTCTGTCAGCAATATCACAGCTATCCTCTCACGTTCGGCTCGGGGACTAAGCTAGAAATAAAA,DIVMTQSQKFMSTSVGDRVSVTCKASQNVGTNVAWCQQKPGQSPKALIYSASYRYSGVPDRFTGSGSGTDFTLTISNVQSEDLAEYFCQQYHSYPLTFGSGTKLEIK,0.69114,-0.36431,0.08835,GTACATTCC,GTACATTCCGACATTGTGATGACTCAGTCTCAAAAATTCATGTCCACATCAGTAGGAGACAGGGTCAGCGTCACCTGCAAGGCCAGTCAGAATGTGGGCACTAATGTAGCCTGGTGTCAACAGAAACCAGGGCAATCTCCTAAAGCACTGATTTACTCGGCATCCTACAGGTACAGTGGAGTCCCTGATCGCTTCACAGGCAGTGGATCTGGGACAGATTTCACTCTCACCATCAGCAATGTGCAGTCTGAAGACTTGGCAGAGTATTTCTGTCAGCAATATCACAGCTATCCTCTCACGTTCGGCTCGGGGACTAAGCTAGAAATAAAA,GTACATTCC,GC,GTACATTCCGAGGTGCAGCTTCAGGAGTCAGGACCTAGCCTCGTGAAACCTTCTCAGACTCTGTCCCTCACCTGTTCTGTCACTGGCGACTCCATCACCAGTGGTTACTGGAACTGGATCCGGAAATTCCCAGGGAATAAACTTGAGTACATGGGGTACATAAGCTACAGTGGTACCACTTACTACAATCCATCTCTCAAAAGTCGAATCTCCATCACTCGAGACACATCCAAGAACCAGTACTACCTGCAGTTGAAATCTGTGACTACTGAGGACACAGCCACATATTACTGTGCAAGGGACTTCGATGTCTGGGGCGCAGGGACCACGGTCACCGTCTCCTCAGC
17,Burst: LBI #3,PR1.3,4,LP,50,GC,seq17,seq27,10,"211014P08H11HK,211014P08E01HK,211014P08A12HK,211014P08G03HK,211014P08G04HK,211014P08C12HK,211014P08D02HK,211014P08B10HK,211014P08B11HK,211014P08D07HK",2,1,"I78(H)L,N92(H)T",Y42(L)C,TRUE,TRUE,IgG2,35.45069676,4.891618504,73,GAGGTGCAGCTTCAGGAGTCAGGACCTAGCCTCGTGAAACCTTCTCAGACTCTGTCCCTCACCTGTTCTGTCACTGGCGACTCCATCACCAGTGGTTACTGGAACTGGATCCGGAAATTCCCAGGGAATAAACTTGAGTACATGGGGTACATAAGTTACAGTGGTAGCACTTACTACAATCCATCTCTCAAAAGTCGAATCTCCCTCACTCGAGACACATCCAAGAACCAGTACTACCTGCAGTTGACTTCTGTGACTACTGAGGACACAGCCACATATTACTGTGCAAGGGACTTCGATGTCTGGGGCGCAGGGACCACGGTCACCGTCTCCTCA,EVQLQESGPSLVKPSQTLSLTCSVTGDSITSGYWNWIRKFPGNKLEYMGYISYSGSTYYNPSLKSRISLTRDTSKNQYYLQLTSVTTEDTATYYCARDFDVWGAGTTVTVSS,GACATTGTGATGACTCAGTCTCAAAAATTCATGTCCACATCAGTAGGAGACAGGGTCAGCGTCACCTGCAAGGCCAGTCAGAATGTGGGTACTAATGTAGCCTGGTGTCAACAGAAACCAGGGCAATCTCCTAAAGCACTGATTTACTCGGCATCCTACAGGTACAGTGGAGTCCCTGATCGCTTCACAGGCAGTGGATCTGGGACAGATTTCACTCTCACCATCAGCAATGTGCAGTCTGAAGACTTGGCAGAGTATTTCTGTCAGCAATATAACAGCTATCCTCTCACGTTCGGCTCGGGGACTAAGCTAGAAATAAAA,DIVMTQSQKFMSTSVGDRVSVTCKASQNVGTNVAWCQQKPGQSPKALIYSASYRYSGVPDRFTGSGSGTDFTLTISNVQSEDLAEYFCQQYNSYPLTFGSGTKLEIK,0.01387,-0.5732,0.17632,GTACATTCC,GTACATTCCGACATTGTGATGACTCAGTCTCAAAAATTCATGTCCACATCAGTAGGAGACAGGGTCAGCGTCACCTGCAAGGCCAGTCAGAATGTGGGTACTAATGTAGCCTGGTGTCAACAGAAACCAGGGCAATCTCCTAAAGCACTGATTTACTCGGCATCCTACAGGTACAGTGGAGTCCCTGATCGCTTCACAGGCAGTGGATCTGGGACAGATTTCACTCTCACCATCAGCAATGTGCAGTCTGAAGACTTGGCAGAGTATTTCTGTCAGCAATATAACAGCTATCCTCTCACGTTCGGCTCGGGGACTAAGCTAGAAATAAAA,GTACATTCC,GC,GTACATTCCGAGGTGCAGCTTCAGGAGTCAGGACCTAGCCTCGTGAAACCTTCTCAGACTCTGTCCCTCACCTGTTCTGTCACTGGCGACTCCATCACCAGTGGTTACTGGAACTGGATCCGGAAATTCCCAGGGAATAAACTTGAGTACATGGGGTACATAAGTTACAGTGGTAGCACTTACTACAATCCATCTCTCAAAAGTCGAATCTCCCTCACTCGAGACACATCCAAGAACCAGTACTACCTGCAGTTGACTTCTGTGACTACTGAGGACACAGCCACATATTACTGTGCAAGGGACTTCGATGTCTGGGGCGCAGGGACCACGGTCACCGTCTCCTCAGC
18,Burst: LBI #4,PR1.7,3,LP,44,GC,seq2,44,3,"220114P08D06HK,220114P08D10HK,220114P08H04HK",0,3,,"Y42(L)N,L99(L)V,L120(L)V",TRUE,TRUE,IgM,30.89316782,27.56182742,50,GAGGTGCAGCTTCAGGAGTCAGGACCTAGCCTCGTGAAACCTTCTCAGACTCTGTCCCTCACCTGTTCTGTCACTGGCGACTCCATCACCAGTGGTTACTGGAACTGGATCCGGAAATTCCCAGGGAATAAACTTGAGTACATGGGGTACATAAGCTACAGTGGTAGCACTTACTACAATCCATCTCTCAAAAGTCGAATCTCCATCACTCGAGACACATCCAAGAACCAGTACTACCTGCAGTTGAATTCTGTGACTACTGAGGACACAGCCACATATTACTGTGCAAGGGACTTCGATGTCTGGGGCGCAGGGACCACGGTCACCGTCTCCTCA,EVQLQESGPSLVKPSQTLSLTCSVTGDSITSGYWNWIRKFPGNKLEYMGYISYSGSTYYNPSLKSRISITRDTSKNQYYLQLNSVTTEDTATYYCARDFDVWGAGTTVTVSS,GACATTGTGATGACTCAGTCTCAAAAATTCATGTCCACATCAGTAGGAGACAGGGTCAGCGTCACCTGCAAGGCCAGTCAGAATGTGGGTACTAATGTAGCCTGGAATCAACAGAAACCAGGACAATCTCCGAAAGCACTGATTTACTCGGCATCCTACAGGTACAGTGGAGTCCCTGATCGCTTCACAGGCAGTGGATCTGGGACAGATTTCACTCTCACCATCAGCAATGTGCAGTCTGAAGACGTGGCAGAGTATTTCTGTCAGCAATATAACAGCTATCCTCTCACGTTCGGCTCGGGGACTAAGGTAGAAATAAAA,DIVMTQSQKFMSTSVGDRVSVTCKASQNVGTNVAWNQQKPGQSPKALIYSASYRYSGVPDRFTGSGSGTDFTLTISNVQSEDVAEYFCQQYNSYPLTFGSGTKVEIK,0.09213,-1.25326,0.92901,GTACATTCC,GTACATTCCGACATTGTGATGACTCAGTCTCAAAAATTCATGTCCACATCAGTAGGAGACAGGGTCAGCGTCACCTGCAAGGCCAGTCAGAATGTGGGTACTAATGTAGCCTGGAATCAACAGAAACCAGGACAATCTCCGAAAGCACTGATTTACTCGGCATCCTACAGGTACAGTGGAGTCCCTGATCGCTTCACAGGCAGTGGATCTGGGACAGATTTCACTCTCACCATCAGCAATGTGCAGTCTGAAGACGTGGCAGAGTATTTCTGTCAGCAATATAACAGCTATCCTCTCACGTTCGGCTCGGGGACTAAGGTAGAAATAAAA,GTACATTCC,GC,GTACATTCCGAGGTGCAGCTTCAGGAGTCAGGACCTAGCCTCGTGAAACCTTCTCAGACTCTGTCCCTCACCTGTTCTGTCACTGGCGACTCCATCACCAGTGGTTACTGGAACTGGATCCGGAAATTCCCAGGGAATAAACTTGAGTACATGGGGTACATAAGCTACAGTGGTAGCACTTACTACAATCCATCTCTCAAAAGTCGAATCTCCATCACTCGAGACACATCCAAGAACCAGTACTACCTGCAGTTGAATTCTGTGACTACTGAGGACACAGCCACATATTACTGTGCAAGGGACTTCGATGTCTGGGGCGCAGGGACCACGGTCACCGTCTCCTCAGC
19,Burst: LBI #5,PR1.8,1,LP,5,GC,seq54,21,1,220124P07C04HK,1,1,A105(H)G,S109(L)R,TRUE,TRUE,IgG2,29.8272682,3.355108594,36,GAGGTGCAGCTTCAGGAGTCAGGACCTAGCCTCGTGAAACCTTCTCAGACTCTGTCCCTCACCTGTTCTGTCACTGGCGACTCCATCACCAGTGGTTACTGGAACTGGATCCGGAAATTCCCAGGGAATAAACTTGAGTACATGGGGTACATAAGCTACAGTGGTAGCACTTACTACAATCCATCTCTCAAAAGTCGAATCTCCATCACTCGAGACACATCCAAGAACCAGTACTACCTGCAGTTGAATTCTGTGACTACTGAGGACACAGCCACATATTACTGTGGAAGGGACTTCGATGTCTGGGGCGCAGGGACCACGGTCACCGTCTCCTCA,EVQLQESGPSLVKPSQTLSLTCSVTGDSITSGYWNWIRKFPGNKLEYMGYISYSGSTYYNPSLKSRISITRDTSKNQYYLQLNSVTTEDTATYYCGRDFDVWGAGTTVTVSS,GACATTGTGATGACTCAGTCTCAAAAATTCATGTCCACATCAGTAGGAGACAGGGTCAGCGTCACCTGCAAGGCCAGTCAGAATGTGGGTACTAATGTAGCCTGGTATCAACAGAAACCAGGGCAATCTCCTAAAGCACTGATTTACTCGGCATCCTACAGATACAGTGGAGTCCCTGATCGCTTCACAGGCAGTGGATCTGGGACAGATTTCACTCTCACCATCAGCAATGTGCAGTCTGAAGACTTGGCAGAGTATTTCTGTCAGCAATATAACAGGTATCCTCTCACGTTCGGCTCGGGGACTAAGCTAGAAATAAAA,DIVMTQSQKFMSTSVGDRVSVTCKASQNVGTNVAWYQQKPGQSPKALIYSASYRYSGVPDRFTGSGSGTDFTLTISNVQSEDLAEYFCQQYNRYPLTFGSGTKLEIK,1.08571,0.00901,-0.32219,GTACATTCC,GTACATTCCGACATTGTGATGACTCAGTCTCAAAAATTCATGTCCACATCAGTAGGAGACAGGGTCAGCGTCACCTGCAAGGCCAGTCAGAATGTGGGTACTAATGTAGCCTGGTATCAACAGAAACCAGGGCAATCTCCTAAAGCACTGATTTACTCGGCATCCTACAGATACAGTGGAGTCCCTGATCGCTTCACAGGCAGTGGATCTGGGACAGATTTCACTCTCACCATCAGCAATGTGCAGTCTGAAGACTTGGCAGAGTATTTCTGTCAGCAATATAACAGGTATCCTCTCACGTTCGGCTCGGGGACTAAGCTAGAAATAAAA,GTACATTCC,GC,GTACATTCCGAGGTGCAGCTTCAGGAGTCAGGACCTAGCCTCGTGAAACCTTCTCAGACTCTGTCCCTCACCTGTTCTGTCACTGGCGACTCCATCACCAGTGGTTACTGGAACTGGATCCGGAAATTCCCAGGGAATAAACTTGAGTACATGGGGTACATAAGCTACAGTGGTAGCACTTACTACAATCCATCTCTCAAAAGTCGAATCTCCATCACTCGAGACACATCCAAGAACCAGTACTACCTGCAGTTGAATTCTGTGACTACTGAGGACACAGCCACATATTACTGTGGAAGGGACTTCGATGTCTGGGGCGCAGGGACCACGGTCACCGTCTCCTCAGC
20,Burst: LBI #6,PR1.4,5,RP,81,GC,seq24,naive,2,"211020P16E01HK,211020P16C03HK",1,2,K49(H)R,"A52(L)S,R67(L)K",TRUE,TRUE,IgG2,29.24505249,22.33749661,75,GAGGTGCAGCTTCAGGAGTCAGGACCTAGCCTCGTGAAACCTTCTCAGACTCTGTCCCTCACCTGTTCTGTCACTGGCGACTCCATCACCAGTGGTTACTGGAACTGGATCCGGAAATTCCCAGGGAATAGACTTGAGTACATGGGGTACATAAGCTACAGTGGTAGCACTTACTACAATCCATCTCTCAAAAGTCGAATCTCCATCACTCGAGACACATCCAAGAACCAGTACTACCTGCAGTTGAATTCTGTGACTACTGAGGACACAGCCACATATTACTGTGCAAGGGACTTCGATGTCTGGGGCGCAGGGACCACGGTCACCGTCTCCTCA,EVQLQESGPSLVKPSQTLSLTCSVTGDSITSGYWNWIRKFPGNRLEYMGYISYSGSTYYNPSLKSRISITRDTSKNQYYLQLNSVTTEDTATYYCARDFDVWGAGTTVTVSS,GACATTGTGATGACTCAGTCTCAAAAATTCATGTCCACATCAGTAGGAGACAGGGTCAGCGTCACCTGCAAGGCCAGTCAGAATGTGGGTACTAATGTAGCCTGGTATCAACAGAAACCAGGGCAATCTCCTAAATCACTGATTTACTCGGCATCCTACAAGTACAGTGGAGTCCCTGATCGCTTCACAGGCAGTGGATCTGGGACAGATTTCACTCTCACCATCAGCAATGTGCAGTCTGAAGACTTGGCAGAGTATTTCTGTCAGCAATATAACAGCTATCCTCTCACGTTCGGCTCGGGGACTAAGCTAGAAATAAAA,DIVMTQSQKFMSTSVGDRVSVTCKASQNVGTNVAWYQQKPGQSPKSLIYSASYKYSGVPDRFTGSGSGTDFTLTISNVQSEDLAEYFCQQYNSYPLTFGSGTKLEIK,0.7038,-0.04518,-0.0186,GTACATTCC,GTACATTCCGACATTGTGATGACTCAGTCTCAAAAATTCATGTCCACATCAGTAGGAGACAGGGTCAGCGTCACCTGCAAGGCCAGTCAGAATGTGGGTACTAATGTAGCCTGGTATCAACAGAAACCAGGGCAATCTCCTAAATCACTGATTTACTCGGCATCCTACAAGTACAGTGGAGTCCCTGATCGCTTCACAGGCAGTGGATCTGGGACAGATTTCACTCTCACCATCAGCAATGTGCAGTCTGAAGACTTGGCAGAGTATTTCTGTCAGCAATATAACAGCTATCCTCTCACGTTCGGCTCGGGGACTAAGCTAGAAATAAAA,GTACATTCC,GC,GTACATTCCGAGGTGCAGCTTCAGGAGTCAGGACCTAGCCTCGTGAAACCTTCTCAGACTCTGTCCCTCACCTGTTCTGTCACTGGCGACTCCATCACCAGTGGTTACTGGAACTGGATCCGGAAATTCCCAGGGAATAGACTTGAGTACATGGGGTACATAAGCTACAGTGGTAGCACTTACTACAATCCATCTCTCAAAAGTCGAATCTCCATCACTCGAGACACATCCAAGAACCAGTACTACCTGCAGTTGAATTCTGTGACTACTGAGGACACAGCCACATATTACTGTGCAAGGGACTTCGATGTCTGGGGCGCAGGGACCACGGTCACCGTCTCCTCAGC
21,Burst: LBI #7,PR1.7,3,LP,45,GC,seq32,naive,2,"220114P09B09HK,220114P09E07HK",0,2,,"A40(L)G,S65(L)T",TRUE,TRUE,IgM,27.53666338,20.67652564,60,GAGGTGCAGCTTCAGGAGTCAGGACCTAGCCTCGTGAAACCTTCTCAGACTCTGTCCCTCACCTGTTCTGTCACTGGCGACTCCATCACCAGTGGTTACTGGAACTGGATCCGGAAATTCCCAGGGAATAAACTTGAGTACATGGGGTACATAAGCTACAGTGGTAGCACTTACTACAATCCATCTCTCAAAAGTCGAATCTCCATCACTCGAGACACATCCAAGAACCAGTACTACCTGCAGTTGAATTCTGTGACTACTGAGGACACAGCCACATATTACTGTGCAAGGGACTTCGATGTCTGGGGCGCAGGGACCACGGTCACCGTCTCCTCA,EVQLQESGPSLVKPSQTLSLTCSVTGDSITSGYWNWIRKFPGNKLEYMGYISYSGSTYYNPSLKSRISITRDTSKNQYYLQLNSVTTEDTATYYCARDFDVWGAGTTVTVSS,GACATTGTGATGACTCAGTCTCAAAAATTCATGTCCACATCAGTAGGAGACAGGGTCAGCGTCACCTGCAAGGCCAGTCAGAATGTGGGTACTAATGTAGGCTGGTATCAACAGAAACCAGGGCAATCTCCTAAAGCACTGATTTACTCGGCAACCTACAGGTACAGTGGAGTCCCTGATCGCTTCACAGGCAGTGGATCTGGGACAGATTTCACTCTCACCATCAGCAATGTGCAGTCTGAAGACTTGGCAGAGTATTTCTGTCAGCAATATAATAGCTATCCTCTCACGTTCGGCTCGGGGACTAAGCTAGAAATAAAA,DIVMTQSQKFMSTSVGDRVSVTCKASQNVGTNVGWYQQKPGQSPKALIYSATYRYSGVPDRFTGSGSGTDFTLTISNVQSEDLAEYFCQQYNSYPLTFGSGTKLEIK,0.80481,0.01008,-0.25961,GTACATTCC,GTACATTCCGACATTGTGATGACTCAGTCTCAAAAATTCATGTCCACATCAGTAGGAGACAGGGTCAGCGTCACCTGCAAGGCCAGTCAGAATGTGGGTACTAATGTAGGCTGGTATCAACAGAAACCAGGGCAATCTCCTAAAGCACTGATTTACTCGGCAACCTACAGGTACAGTGGAGTCCCTGATCGCTTCACAGGCAGTGGATCTGGGACAGATTTCACTCTCACCATCAGCAATGTGCAGTCTGAAGACTTGGCAGAGTATTTCTGTCAGCAATATAATAGCTATCCTCTCACGTTCGGCTCGGGGACTAAGCTAGAAATAAAA,GTACATTCC,GC,GTACATTCCGAGGTGCAGCTTCAGGAGTCAGGACCTAGCCTCGTGAAACCTTCTCAGACTCTGTCCCTCACCTGTTCTGTCACTGGCGACTCCATCACCAGTGGTTACTGGAACTGGATCCGGAAATTCCCAGGGAATAAACTTGAGTACATGGGGTACATAAGCTACAGTGGTAGCACTTACTACAATCCATCTCTCAAAAGTCGAATCTCCATCACTCGAGACACATCCAAGAACCAGTACTACCTGCAGTTGAATTCTGTGACTACTGAGGACACAGCCACATATTACTGTGCAAGGGACTTCGATGTCTGGGGCGCAGGGACCACGGTCACCGTCTCCTCAGC
22,High potential mouse 1,"HP H ""conservative""",,,,,,,,,4,4,"S36(H)T,I56(H)I,Y58(H)H,T65(H)T,R80(H)R,T101(H)S,Y103(H)F","P50(L)L,S56(L)S,Y66(L)H,G70(L)G,D74(L)E,S83(L)S,Q105(L)N",,,,,,,GAGGTGCAGCTTCAGGAGTCAGGACCTAGCCTCGTGAAACCTTCTCAGACTCTGTCCCTCACCTGTTCTGTCACTGGCGACTCCATCACCacgGGTTACTGGAACTGGATCCGGAAATTCCCAGGGAATAAACTTGAGTACATGGGGTACattAGCcatAGTGGTAGCacaTACTACAATCCATCTCTCAAAAGTCGAATCTCCATCACTaggGACACATCCAAGAACCAGTACTACCTGCAGTTGAATTCTGTGACTACTGAGGACACAGCCtctTATtttTGTGCAAGGGACTTCGATGTCTGGGGCGCAGGGACCACGGTCACCGTCTCCTCA,.,GACATTGTGATGACtCAGTCTCAAAAATTCATGTCCACATCAGTAGGAGACAGGGTCAGCGTCACCTGCAAGGCCAGTCAGAATGTGGGTACTAATGTAGCCTGGTATCAACAGAAACCAGGGCAATCTttgAAAGCACTGATTTACagtGCATCCcataGGTACAGTGGgGTCCCTgaaCGCTTCACAGGCAGTGGAagcGGGACAGATTTCACTCTCACCATCAGCAATGTGCAGTCTGAAGACTTGGCAGAGTATTTCTGTaacCAATATAACAGCTATCCTCTCACGTTCGGCTCGGGGACtAAGCTaGAAATAAAA,.,,,,GTACATTCC,GTACATTCCGACATTGTGATGACtCAGTCTCAAAAATTCATGTCCACATCAGTAGGAGACAGGGTCAGCGTCACCTGCAAGGCCAGTCAGAATGTGGGTACTAATGTAGCCTGGTATCAACAGAAACCAGGGCAATCTttgAAAGCACTGATTTACagtGCATCCcataGGTACAGTGGgGTCCCTgaaCGCTTCACAGGCAGTGGAagcGGGACAGATTTCACTCTCACCATCAGCAATGTGCAGTCTGAAGACTTGGCAGAGTATTTCTGTaacCAATATAACAGCTATCCTCTCACGTTCGGCTCGGGGACtAAGCTaGAAATAAAA,GTACATTCC,GC,GTACATTCCGAGGTGCAGCTTCAGGAGTCAGGACCTAGCCTCGTGAAACCTTCTCAGACTCTGTCCCTCACCTGTTCTGTCACTGGCGACTCCATCACCacgGGTTACTGGAACTGGATCCGGAAATTCCCAGGGAATAAACTTGAGTACATGGGGTACattAGCcatAGTGGTAGCacaTACTACAATCCATCTCTCAAAAGTCGAATCTCCATCACTaggGACACATCCAAGAACCAGTACTACCTGCAGTTGAATTCTGTGACTACTGAGGACACAGCCtctTATtttTGTGCAAGGGACTTCGATGTCTGGGGCGCAGGGACCACGGTCACCGTCTCCTCAGC
23,High potential mouse 2,"HP H ""radical""",,,,,,,,,5,4,"S36(H)R,I56(H)I,Y58(H)H,T65(H)W,R80(H)R,T101(H)S,Y103(H)F","P50(L)L,S56(L)S,Y66(L)H,G70(L)G,D74(L)E,S83(L)S,Q105(L)N",,,,,,,GAGGTGCAGCTTCAGGAGTCAGGACCTAGCCTCGTGAAACCTTCTCAGACTCTGTCCCTCACCTGTTCTGTCACTGGCGACTCCATCACCagaGGTTACTGGAACTGGATCCGGAAATTCCCAGGGAATAAACTTGAGTACATGGGGTACattAGCcatAGTGGTAGCtggTACTACAATCCATCTCTCAAAAGTCGAATCTCCATCACTaggGACACATCCAAGAACCAGTACTACCTGCAGTTGAATTCTGTGACTACTGAGGACACAGCCtctTATtttTGTGCAAGGGACTTCGATGTCTGGGGCGCAGGGACCACGGTCACCGTCTCCTCA,.,GACATTGTGATGACtCAGTCTCAAAAATTCATGTCCACATCAGTAGGAGACAGGGTCAGCGTCACCTGCAAGGCCAGTCAGAATGTGGGTACTAATGTAGCCTGGTATCAACAGAAACCAGGGCAATCTttgAAAGCACTGATTTACagtGCATCCcataGGTACAGTGGgGTCCCTgaaCGCTTCACAGGCAGTGGAagcGGGACAGATTTCACTCTCACCATCAGCAATGTGCAGTCTGAAGACTTGGCAGAGTATTTCTGTaacCAATATAACAGCTATCCTCTCACGTTCGGCTCGGGGACtAAGCTaGAAATAAAA,.,,,,GTACATTCC,GTACATTCCGACATTGTGATGACtCAGTCTCAAAAATTCATGTCCACATCAGTAGGAGACAGGGTCAGCGTCACCTGCAAGGCCAGTCAGAATGTGGGTACTAATGTAGCCTGGTATCAACAGAAACCAGGGCAATCTttgAAAGCACTGATTTACagtGCATCCcataGGTACAGTGGgGTCCCTgaaCGCTTCACAGGCAGTGGAagcGGGACAGATTTCACTCTCACCATCAGCAATGTGCAGTCTGAAGACTTGGCAGAGTATTTCTGTaacCAATATAACAGCTATCCTCTCACGTTCGGCTCGGGGACtAAGCTaGAAATAAAA,GTACATTCC,GC,GTACATTCCGAGGTGCAGCTTCAGGAGTCAGGACCTAGCCTCGTGAAACCTTCTCAGACTCTGTCCCTCACCTGTTCTGTCACTGGCGACTCCATCACCagaGGTTACTGGAACTGGATCCGGAAATTCCCAGGGAATAAACTTGAGTACATGGGGTACattAGCcatAGTGGTAGCtggTACTACAATCCATCTCTCAAAAGTCGAATCTCCATCACTaggGACACATCCAAGAACCAGTACTACCTGCAGTTGAATTCTGTGACTACTGAGGACACAGCCtctTATtttTGTGCAAGGGACTTCGATGTCTGGGGCGCAGGGACCACGGTCACCGTCTCCTCAGC